dataset,feature,n,mean,std,p0,p5,p10,p25,p50,p75,p90,p95,p100
uci_train,absences,1044,4.281609195402299,5.255796863258208,0.0,0.0,0.0,0.0,2.0,6.0,12.0,16.0,25.0
uci_train,absences_log,1044,1.1911764377310068,0.9994455564020192,0.0,0.0,0.0,0.0,1.0986122886681098,1.9459101490553132,2.5649493574615367,2.833213344056216,3.258096538021482
uci_train,grade_avg_mid,1044,11.229885057471265,3.0217853272455932,2.0,6.5,7.5,9.0,11.0,13.5,15.0,16.424999999999955,19.0
uci_train,grade_trend,1044,0.032567049808429116,1.6911287114251348,-12.0,-2.0,-2.0,-1.0,0.0,1.0,2.0,2.0,11.0
mock_db,absences,112,6.732142857142857,6.4388770534261415,0.0,0.0,0.0,1.0,4.5,10.25,16.900000000000006,20.0,23.0
mock_db,absences_log,112,1.6349965300787324,0.980231781870364,0.0,0.0,0.0,0.6931471805599453,1.7005986908310775,2.419648117045778,2.88465591651217,3.044522437723423,3.1780538303479458
mock_db,grade_avg_mid,112,11.759992559523809,3.082017777938298,4.057916666666667,6.640895833333333,7.8387916666666655,9.928125000000001,11.540833333333333,13.631354166666668,15.80129166666667,16.907687499999994,18.391666666666666
mock_db,grade_trend,112,0.019345238095238297,2.6761391431632835,-7.565833333333333,-3.568291666666666,-3.1785,-0.5939583333333358,0.09916666666666618,0.4743749999999993,3.1621666666666672,3.722666666666664,7.584166666666667
